<application>
  <component name="DiscordApplicationSettings">
    <option name="timeoutEnabled" value="false" />
    <option name="timeoutResetTimeEnabled" value="false" />
    <option name="applicationDetailsCustom" value="" />
    <option name="applicationStateCustom" value="" />
    <option name="applicationIconLargeTextCustom" value="" />
    <option name="applicationIconSmallTextCustom" value="" />
    <option name="projectDetailsCustom" value="" />
    <option name="projectStateCustom" value="" />
    <option name="projectIconLargeText" value="APPLICATION_NAME" />
    <option name="projectIconLargeTextCustom" value="" />
    <option name="projectIconSmall" value="APPLICATION" />
    <option name="projectIconSmallText" value="APPLICATION_VERSION" />
    <option name="projectIconSmallTextCustom" value="" />
    <option name="projectTime" value="APPLICATION_TOTAL" />
    <option name="fileDetails" value="PROJECT_NAME" />
    <option name="fileDetailsCustom" value="" />
    <option name="fileStateCustom" value="" />
    <option name="fileIconLarge" value="APPLICATION" />
    <option name="fileIconLargeText" value="APPLICATION_NAME" />
    <option name="fileIconLargeTextCustom" value="" />
    <option name="fileIconSmall" value="FILE" />
    <option name="fileIconSmallText" value="FILE_NAME_PATH" />
    <option name="fileIconSmallTextCustom" value="" />
    <option name="fileTime" value="APPLICATION_TOTAL" />
    <option name="theme" value="flat" />
    <option name="applicationLastUpdateNotification" value="1.6.1" />
  </component>
</application>